V1	V2	V3	tf	target
G92	G2	1	b1334	b3481
G232	G3	1	b2916	b3702
G55	G4	1	b3357	b3118
G56	G4	1	b3119	b3118
G268	G4	1	b0912	b3118
G333	G4	1	b1712	b3118
G224	G6	1	b1013	b1649
G84	G8	1	b3938	b3828
G259	G10	1	b3512	b1951
G274	G10	1	b2217	b1951
G55	G11	1	b3357	b0064
G23	G19	1	b3261	b1530
G89	G19	1	b1531	b1530
G210	G19	1	b4396	b1530
G55	G23	1	b3357	b3261
G268	G23	1	b0912	b3261
G333	G23	1	b1712	b3261
G23	G55	1	b3261	b3357
G82	G57	1	b1507	b1508
G55	G58	1	b3357	b3423
G55	G60	1	b3357	b3601
G282	G60	1	b0080	b3601
G92	G69	1	b1334	b0113
G142	G77	1	b1303	b1305
G268	G77	1	b0912	b1305
G333	G77	1	b1712	b1305
G313	G78	1	b4401	b0313
G57	G82	1	b1508	b1507
G55	G83	1	b3357	b4124
G192	G83	1	b1221	b4124
G19	G89	1	b1530	b1531
G23	G89	1	b3261	b1531
G210	G89	1	b4396	b1531
G23	G93	1	b3261	b1739
G55	G95	1	b3357	b1512
G92	G99	1	b1334	b2731
G268	G99	1	b0912	b2731
G333	G99	1	b1712	b2731
G55	G106	1	b3357	b3906
G236	G106	1	b3905	b3906
G10	G110	1	b1951	b1892
G22	G110	1	b2289	b1892
G55	G110	1	b3357	b1892
G96	G110	1	b4480	b1892
G274	G110	1	b2217	b1892
G281	G110	1	b1237	b1892
G23	G113	1	b3261	b0440
G55	G113	1	b3357	b0440
G55	G128	1	b3357	b1735
G260	G128	1	b0676	b1735
G86	G144	1	b3912	b2079
G55	G145	1	b3357	b3418
G176	G145	1	b1594	b3418
G86	G150	1	b3912	b1040
G209	G150	1	b1608	b1040
G283	G150	1	b3405	b1040
G55	G151	1	b3357	b0034
G92	G151	1	b1334	b0034
G44	G160	1	b2714	b0330
G55	G160	1	b3357	b0330
G55	G161	1	b3357	b2805
G55	G167	1	b3357	b4118
G23	G183	1	b3261	b4000
G55	G183	1	b3357	b4000
G313	G187	1	b4401	b3604
G224	G188	1	b1013	b3515
G254	G188	1	b3516	b3515
G259	G188	1	b3512	b3515
G281	G188	1	b1237	b3515
G125	G189	1	b1130	b4241
G92	G192	1	b1334	b1221
G255	G192	1	b0761	b1221
G140	G197	1	b1275	b1987
G73	G201	1	b4043	b3067
G283	G203	1	b3405	b0435
G3	G204	1	b3702	b3461
G55	G204	1	b3357	b3461
G268	G204	1	b0912	b3461
G277	G204	1	b3934	b3461
G333	G204	1	b1712	b3461
G147	G207	1	b1187	b4018
G125	G209	1	b1130	b1608
G89	G210	1	b1531	b4396
G299	G216	1	b4539	b2017
G10	G219	1	b1951	b1891
G22	G219	1	b2289	b1891
G55	G219	1	b3357	b1891
G96	G219	1	b4480	b1891
G274	G219	1	b2217	b1891
G281	G219	1	b1237	b1891
G55	G236	1	b3357	b3905
G106	G236	1	b3906	b3905
G305	G243	1	b0683	b4293
G305	G246	1	b0683	b4292
G55	G247	1	b3357	b3574
G268	G247	1	b0912	b3574
G333	G247	1	b1712	b3574
G188	G254	1	b3515	b3516
G224	G254	1	b1013	b3516
G259	G254	1	b3512	b3516
G281	G254	1	b1237	b3516
G55	G259	1	b3357	b3512
G138	G259	1	b2369	b3512
G188	G259	1	b3515	b3512
G254	G259	1	b3516	b3512
G271	G259	1	b1499	b3512
G55	G260	1	b3357	b0676
G330	G263	1	b0506	b0504
G333	G268	1	b1712	b0912
G55	G269	1	b3357	b1620
G138	G271	1	b2369	b1499
G279	G273	1	b0076	b4366
G281	G273	1	b1237	b4366
G55	G277	1	b3357	b3934
G281	G279	1	b1237	b0076
G7	G281	1	b3556	b1237
G23	G281	1	b3261	b1237
G55	G283	1	b3357	b3405
G268	G283	1	b0912	b3405
G333	G283	1	b1712	b3405
G332	G284	1	b1564	b1563
G305	G289	1	b0683	b2105
G216	G299	1	b2017	b4539
G23	G303	1	b3261	b3868
G55	G303	1	b3357	b3868
G55	G305	1	b3357	b0683
G235	G305	1	b3961	b0683
G309	G305	1	b4062	b0683
G142	G306	1	b1303	b1306
G268	G306	1	b0912	b1306
G333	G306	1	b1712	b1306
G323	G309	1	b4063	b4062
G55	G315	1	b3357	b2151
G55	G316	1	b3357	b2741
G313	G316	1	b4401	b2741
G281	G319	1	b1237	b0564
G110	G329	1	b1892	b1922
G208	G329	1	b4178	b1922
G219	G329	1	b1891	b1922
G244	G331	1	b0889	b2669
G281	G331	1	b1237	b2669
G284	G332	1	b1563	b1564
G268	G333	1	b0912	b1712
G116	G340	1	b2531	b1682
G235	G340	1	b3961	b1682
G268	G340	1	b0912	b1682
G305	G340	1	b0683	b1682
G333	G340	1	b1712	b1682
G244	G342	1	b0889	b3770
G268	G342	1	b0912	b3770
G333	G342	1	b1712	b3770
G55	G343	1	b3357	b1398
G175	G343	1	b1399	b1398
G268	G343	1	b0912	b1398
G333	G343	1	b1712	b1398
G92	G351	1	b1334	b2201
G192	G351	1	b1221	b2201
G220	G351	1	b2193	b2201
G255	G351	1	b0761	b2201
G110	G353	1	b1892	b1077
G219	G353	1	b1891	b1077
G223	G363	1	b3237	b3359
G193	G367	1	b0487	b0484
G55	G392	1	b3357	b3579
G247	G392	1	b3574	b3579
G268	G392	1	b0912	b3579
G333	G392	1	b1712	b3579
G3	G394	1	b3702	b3863
G255	G398	1	b0761	b0764
G23	G400	1	b3261	b4270
G305	G408	1	b0683	b0583
G110	G413	1	b1892	b1879
G219	G413	1	b1891	b1879
G120	G418	1	b0571	b0572
G140	G422	1	b1275	b0366
G197	G422	1	b1987	b0366
G174	G424	1	b2709	b2710
G268	G424	1	b0912	b2710
G333	G424	1	b1712	b2710
G255	G425	1	b0761	b0763
G110	G431	1	b1892	b1074
G219	G431	1	b1891	b1074
G103	G433	1	b0464	b0463
G123	G433	1	b3264	b0463
G210	G433	1	b4396	b0463
G55	G434	1	b3357	b3671
G86	G437	1	b3912	b2077
G144	G437	1	b2079	b2077
G55	G443	1	b3357	b3600
G282	G443	1	b0080	b3600
G223	G444	1	b3237	b3958
G11	G448	1	b0064	b2841
G55	G448	1	b3357	b2841
G10	G449	1	b1951	b2061
G274	G449	1	b2217	b2061
G73	G450	1	b4043	b0779
G22	G454	1	b2289	b4313
G281	G454	1	b1237	b4313
G140	G465	1	b1275	b2422
G251	G469	1	b4133	b4131
G268	G480	1	b0912	b0809
G303	G480	1	b3868	b0809
G333	G480	1	b1712	b0809
G118	G482	1	b4393	b1262
G23	G488	1	b3261	b2283
G92	G488	1	b1334	b2283
G268	G488	1	b0912	b2283
G313	G488	1	b4401	b2283
G333	G488	1	b1712	b2283
G73	G490	1	b4043	b0890
G55	G492	1	b3357	b4196
G221	G492	1	b4191	b4196
G268	G492	1	b0912	b4196
G333	G492	1	b1712	b4196
G55	G495	1	b3357	b3707
G166	G495	1	b0995	b3707
G140	G518	1	b1275	b1379
G89	G519	1	b1531	b4177
G199	G519	1	b1658	b4177
G55	G525	1	b3357	b2095
G207	G534	1	b4018	b4014
G268	G534	1	b0912	b4014
G282	G534	1	b0080	b4014
G333	G534	1	b1712	b4014
G10	G538	1	b1951	b2058
G274	G538	1	b2217	b2058
G55	G539	1	b3357	b1517
G92	G544	1	b1334	b1669
G192	G544	1	b1221	b1669
G220	G544	1	b2193	b1669
G99	G548	1	b2731	b2712
G282	G548	1	b0080	b2712
G86	G558	1	b3912	b2470
G144	G558	1	b2079	b2470
G66	G561	1	b0399	b0241
G118	G565	1	b4393	b0388
G170	G565	1	b1323	b0388
G23	G572	1	b3261	b3855
G309	G574	1	b4062	b0852
G258	G579	1	b3131	b3137
G86	G587	1	b3912	b2075
G144	G587	1	b2079	b2075
G55	G589	1	b3357	b2509
G255	G592	1	b0761	b0781
G86	G593	1	b3912	b0929
G244	G593	1	b0889	b0929
G268	G593	1	b0912	b0929
G283	G593	1	b3405	b0929
G333	G593	1	b1712	b0929
G244	G600	1	b0889	b4129
G251	G621	1	b4133	b4132
G86	G632	1	b3912	b1902
G289	G634	1	b2105	b2106
G305	G634	1	b0683	b2106
G244	G650	1	b0889	b3460
G199	G657	1	b1658	b1132
G235	G658	1	b3961	b0606
G92	G659	1	b1334	b0733
G281	G659	1	b1237	b0733
G282	G659	1	b0080	b0733
G313	G659	1	b4401	b0733
G125	G665	1	b1130	b1129
G259	G666	1	b3512	b3511
G281	G666	1	b1237	b3511
G205	G673	1	b2808	b2905
G244	G673	1	b0889	b2905
G92	G678	1	b1334	b2203
G116	G678	1	b2531	b2203
G192	G678	1	b1221	b2203
G220	G678	1	b2193	b2203
G255	G678	1	b0761	b2203
G55	G681	1	b3357	b2804
G23	G684	1	b3261	b2282
G92	G684	1	b1334	b2282
G268	G684	1	b0912	b2282
G313	G684	1	b4401	b2282
G333	G684	1	b1712	b2282
G2	G688	1	b3481	b3478
G92	G688	1	b1334	b3478
G55	G691	1	b3357	b1738
G128	G691	1	b1735	b1738
G260	G691	1	b0676	b1738
G8	G700	1	b3828	b3829
G84	G700	1	b3938	b3829
G55	G702	1	b3357	b0721
G313	G702	1	b4401	b0721
G223	G714	1	b3237	b2306
G235	G718	1	b3961	b0604
G23	G769	1	b3261	b3368
G92	G769	1	b1334	b3368
G192	G769	1	b1221	b3368
G220	G769	1	b2193	b3368
G268	G769	1	b0912	b3368
G281	G769	1	b1237	b3368
G282	G769	1	b0080	b3368
G333	G769	1	b1712	b3368
G116	G774	1	b2531	b1680
G235	G774	1	b3961	b1680
G268	G774	1	b0912	b1680
G305	G774	1	b0683	b1680
G333	G774	1	b1712	b1680
G285	G782	1	b3569	b3566
G147	G784	1	b1187	b3495
G23	G785	1	b3261	b2231
G223	G791	1	b3237	b1747
G303	G791	1	b3868	b1747
G118	G792	1	b4393	b0389
G170	G792	1	b1323	b0389
G89	G796	1	b1531	b4439
G210	G796	1	b4396	b4439
G244	G796	1	b0889	b4439
G268	G796	1	b0912	b4439
G309	G796	1	b4062	b4439
G333	G796	1	b1712	b4439
G55	G797	1	b3357	b3172
G223	G797	1	b3237	b3172
G147	G809	1	b1187	b0954
G202	G809	1	b3963	b0954
G223	G813	1	b3237	b2308
G140	G817	1	b1275	b2421
G224	G823	1	b1013	b0592
G305	G823	1	b0683	b0592
G140	G824	1	b1275	b0368
G197	G824	1	b1987	b0368
G86	G835	1	b3912	b1889
G73	G839	1	b4043	b2698
G172	G844	1	b0413	b2673
G92	G847	1	b1334	b3908
G268	G847	1	b0912	b3908
G305	G847	1	b0683	b3908
G309	G847	1	b4062	b3908
G313	G847	1	b4401	b3908
G333	G847	1	b1712	b3908
G8	G853	1	b3828	b2551
G199	G853	1	b1658	b2551
G192	G855	1	b1221	b4125
G255	G857	1	b0761	b0783
G92	G864	1	b1334	b0873
G192	G864	1	b1221	b0873
G92	G869	1	b1334	b1587
G192	G869	1	b1221	b1587
G23	G872	1	b3261	b3273
G23	G876	1	b3261	b3366
G92	G876	1	b1334	b3366
G192	G876	1	b1221	b3366
G220	G876	1	b2193	b3366
G268	G876	1	b0912	b3366
G281	G876	1	b1237	b3366
G282	G876	1	b0080	b3366
G333	G876	1	b1712	b3366
G107	G879	1	b3438	b1851
G282	G879	1	b0080	b1851
G281	G886	1	b1237	b2679
G23	G887	1	b3261	b4069
G55	G887	1	b3357	b4069
G268	G887	1	b0912	b4069
G333	G887	1	b1712	b4069
G23	G890	1	b3261	b0672
G164	G896	1	b2213	b4187
G244	G896	1	b0889	b4187
G223	G897	1	b3237	b2309
G23	G900	1	b3261	b3167
G55	G900	1	b3357	b3167
G223	G900	1	b3237	b3167
G4	G907	1	b3118	b3114
G55	G907	1	b3357	b3114
G56	G907	1	b3119	b3114
G268	G907	1	b0912	b3114
G333	G907	1	b1712	b3114
G110	G911	1	b1892	b1880
G219	G911	1	b1891	b1880
G73	G912	1	b4043	b1860
G264	G923	1	b0020	b1023
G92	G925	1	b1334	b1673
G192	G925	1	b1221	b1673
G220	G925	1	b2193	b1673
G73	G926	1	b4043	b4347
G73	G931	1	b4043	b1061
G140	G934	1	b1275	b2424
G3	G936	1	b3702	b1415
G55	G936	1	b3357	b1415
G313	G936	1	b4401	b1415
G145	G937	1	b3418	b3571
G199	G947	1	b1658	b4006
G55	G948	1	b3357	b4438
G55	G952	1	b3357	b3132
G258	G952	1	b3131	b3132
G147	G956	1	b1187	b2323
G202	G956	1	b3963	b2323
G8	G961	1	b3828	b4019
G138	G964	1	b2369	b2368
G55	G965	1	b3357	b0723
G313	G965	1	b4401	b0723
G55	G970	1	b3357	b1733
G128	G970	1	b1735	b1733
G260	G970	1	b0676	b1733
G89	G972	1	b1531	b0578
G55	G989	1	b3357	b2366
G138	G991	1	b2369	b2085
G23	G992	1	b3261	b3260
G55	G992	1	b3357	b3260
G268	G992	1	b0912	b3260
G333	G992	1	b1712	b3260
G244	G995	1	b0889	b1245
G151	G998	1	b0034	b0041
G23	G999	1	b3261	b3976
G140	G1000	1	b1275	b2423
G281	G1008	1	b1237	b2677
G44	G1018	1	b2714	b0473
G244	G1019	1	b0889	b3766
G268	G1019	1	b0912	b3766
G333	G1019	1	b1712	b3766
G235	G1020	1	b3961	b4637
G309	G1020	1	b4062	b4637
G119	G1027	1	b3773	b3774
G4	G1029	1	b3118	b3115
G55	G1029	1	b3357	b3115
G56	G1029	1	b3119	b3115
G268	G1029	1	b0912	b3115
G333	G1029	1	b1712	b3115
G55	G1033	1	b3357	b4323
G253	G1033	1	b4324	b4323
G4	G1034	1	b3118	b3113
G55	G1034	1	b3357	b3113
G56	G1034	1	b3119	b3113
G268	G1034	1	b0912	b3113
G333	G1034	1	b1712	b3113
G282	G1035	1	b0080	b1136
G313	G1035	1	b4401	b1136
G55	G1036	1	b3357	b3709
G166	G1036	1	b0995	b3709
G313	G1039	1	b4401	b0314
G2	G1047	1	b3481	b3477
G92	G1047	1	b1334	b3477
G23	G1049	1	b3261	b3165
G55	G1049	1	b3357	b3165
G223	G1049	1	b3237	b3165
G55	G1051	1	b3357	b4035
G145	G1051	1	b3418	b4035
G281	G1054	1	b1237	b1259
G224	G1057	1	b1013	b1007
G55	G1058	1	b3357	b3363
G86	G1058	1	b3912	b3363
G277	G1058	1	b3934	b3363
G55	G1062	1	b3357	b2096
G55	G1074	1	b3357	b3670
G309	G1079	1	b4062	b0951
G55	G1080	1	b3357	b2091
G86	G1089	1	b3912	b0441
G86	G1090	1	b3912	b1039
G209	G1090	1	b1608	b1039
G283	G1090	1	b3405	b1039
G305	G1091	1	b0683	b0596
G125	G1097	1	b1130	b4242
G6	G1101	1	b1649	b1650
G224	G1101	1	b1013	b1650
G282	G1114	1	b0080	b2779
G188	G1116	1	b3515	b3506
G254	G1116	1	b3516	b3506
G23	G1117	1	b3261	b2782
G55	G1117	1	b3357	b2782
G89	G1119	1	b1531	b3508
G188	G1119	1	b3515	b3508
G254	G1119	1	b3516	b3508
G259	G1119	1	b3512	b3508
G281	G1119	1	b1237	b3508
G55	G1133	1	b3357	b4120
G167	G1133	1	b4118	b4120
G281	G1137	1	b1237	b4364
G73	G1138	1	b4043	b3065
G83	G1145	1	b4124	b4123
G99	G1146	1	b2731	b4079
G192	G1146	1	b1221	b4079
G31	G1155	1	b1916	b1707
G170	G1156	1	b1323	b1907
G55	G1157	1	b3357	b0598
G127	G1161	1	b4390	b2574
G73	G1170	1	b4043	b1861
G55	G1177	1	b3357	b0347
G178	G1177	1	b0346	b0347
G55	G1181	1	b3357	b0108
G116	G1186	1	b2531	b1706
G264	G1188	1	b0020	b1021
G55	G1190	1	b3357	b0342
G76	G1190	1	b0345	b0342
G281	G1190	1	b1237	b0342
G187	G1195	1	b3604	b3603
G313	G1195	1	b4401	b3603
G3	G1198	1	b3702	b3700
G232	G1198	1	b2916	b3700
G138	G1206	1	b2369	b2374
G169	G1212	1	b2220	b2224
G268	G1212	1	b0912	b2224
G333	G1212	1	b1712	b2224
G86	G1216	1	b3912	b2078
G144	G1216	1	b2079	b2078
G169	G1221	1	b2220	b2221
G268	G1221	1	b0912	b2221
G333	G1221	1	b1712	b2221
G199	G1222	1	b1658	b2557
G235	G1230	1	b3961	b0849
G89	G1246	1	b1531	b1611
G210	G1246	1	b4396	b1611
G309	G1246	1	b4062	b1611
G323	G1246	1	b4063	b1611
G263	G1247	1	b0504	b0516
G55	G1250	1	b3357	b1182
G92	G1250	1	b1334	b1182
G281	G1250	1	b1237	b1182
G326	G1250	1	b1642	b1182
G328	G1255	1	b4046	b1857
G223	G1256	1	b3237	b2818
G103	G1266	1	b0464	b0462
G123	G1266	1	b3264	b0462
G210	G1266	1	b4396	b0462
G208	G1280	1	b4178	b4209
G224	G1282	1	b1013	b1010
G116	G1284	1	b2531	b2528
G268	G1290	1	b0912	b0811
G303	G1290	1	b3868	b0811
G333	G1290	1	b1712	b0811
G116	G1307	1	b2531	b0156
G244	G1308	1	b0889	b3616
G260	G1322	1	b0676	b3730
G69	G1323	1	b0113	b0428
G313	G1323	1	b4401	b0428
G25	G1324	1	b3753	b3750
G224	G1326	1	b1013	b1009
G199	G1328	1	b1658	b2553
G110	G1330	1	b1892	b0653
G219	G1330	1	b1891	b0653
G8	G1332	1	b3828	b2552
G92	G1332	1	b1334	b2552
G55	G1340	1	b3357	b3452
G66	G1340	1	b0399	b3452
G55	G1355	1	b3357	b4198
G221	G1355	1	b4191	b4198
G268	G1355	1	b0912	b4198
G333	G1355	1	b1712	b4198
G199	G1365	1	b1658	b2500
G223	G1370	1	b3237	b3960
G268	G1371	1	b0912	b4027
G333	G1371	1	b1712	b4027
G330	G1387	1	b0506	b0509
G74	G1392	1	b3226	b4312
G260	G1392	1	b0676	b4312
G268	G1392	1	b0912	b4312
G281	G1392	1	b1237	b4312
G333	G1392	1	b1712	b4312
G99	G1394	1	b2731	b2723
G255	G1394	1	b0761	b2723
G268	G1394	1	b0912	b2723
G333	G1394	1	b1712	b2723
G174	G1395	1	b2709	b2711
G268	G1395	1	b0912	b2711
G333	G1395	1	b1712	b2711
G55	G1398	1	b3357	b4119
G167	G1398	1	b4118	b4119
G55	G1404	1	b3357	b3212
G223	G1404	1	b3237	b3212
G244	G1404	1	b0889	b3212
G259	G1404	1	b3512	b3212
G268	G1404	1	b0912	b3212
G333	G1404	1	b1712	b3212
G110	G1408	1	b1892	b1076
G219	G1408	1	b1891	b1076
G110	G1415	1	b1892	b0652
G219	G1415	1	b1891	b0652
G55	G1420	1	b3357	b2801
G140	G1427	1	b1275	b0933
G197	G1427	1	b1987	b0933
G268	G1427	1	b0912	b0933
G333	G1427	1	b1712	b0933
G13	G1434	1	b1988	b0336
G162	G1444	1	b3292	b3469
G3	G1451	1	b3702	b3701
G232	G1451	1	b2916	b3701
G110	G1457	1	b1892	b1075
G219	G1457	1	b1891	b1075
G55	G1458	1	b3357	b2661
G244	G1458	1	b0889	b2661
G264	G1461	1	b0020	b1022
G110	G1462	1	b1892	b1946
G219	G1462	1	b1891	b1946
G55	G1464	1	b3357	b2927
G282	G1464	1	b0080	b2927
G258	G1473	1	b3131	b3139
G224	G1485	1	b1013	b1012
G86	G1491	1	b3912	b3860
G118	G1492	1	b4393	b1260
G260	G1494	1	b0676	b3729
G55	G1499	1	b3357	b1621
G269	G1499	1	b1620	b1621
G92	G1505	1	b1334	b1226
G192	G1505	1	b1221	b1226
G268	G1505	1	b0912	b1226
G333	G1505	1	b1712	b1226
G328	G1512	1	b4046	b1858
G142	G1525	1	b1303	b1307
G268	G1525	1	b0912	b1307
G333	G1525	1	b1712	b1307
G55	G1526	1	b3357	b4321
G253	G1526	1	b4324	b4321
G55	G1530	1	b3357	b2094
G4	G1532	1	b3118	b3117
G55	G1532	1	b3357	b3117
G56	G1532	1	b3119	b3117
G268	G1532	1	b0912	b3117
G333	G1532	1	b1712	b3117
G330	G1535	1	b0506	b0508
G101	G1538	1	b4004	b4003
G55	G1539	1	b3357	b0903
G92	G1539	1	b1334	b0903
G192	G1539	1	b1221	b0903
G268	G1539	1	b0912	b0903
G313	G1539	1	b4401	b0903
G333	G1539	1	b1712	b0903
G305	G1540	1	b0683	b0587
G305	G1543	1	b0683	b0589
G179	G1545	1	b4260	b0032
G199	G1545	1	b1658	b0032
G223	G1545	1	b3237	b0032
G224	G1545	1	b1013	b0032
G268	G1545	1	b0912	b0032
G333	G1545	1	b1712	b0032
G55	G1551	1	b3357	b3599
G282	G1551	1	b0080	b3599
G73	G1554	1	b4043	b0799
G55	G1557	1	b3357	b3578
G247	G1557	1	b3574	b3578
G268	G1557	1	b0912	b3578
G333	G1557	1	b1712	b3578
G66	G1564	1	b0399	b0383
G10	G1566	1	b1951	b0094
G31	G1566	1	b1916	b0094
G274	G1566	1	b2217	b0094
G48	G1581	1	b2537	b2540
G55	G1586	1	b3357	b3223
G74	G1586	1	b3226	b3223
G55	G1588	1	b3357	b2802
G99	G1589	1	b2731	b2719
G255	G1589	1	b0761	b2719
G268	G1589	1	b0912	b2719
G333	G1589	1	b1712	b2719
G92	G1595	1	b1334	b1591
G192	G1595	1	b1221	b1591
G305	G1601	1	b0683	b0586
G244	G1616	1	b0889	b2913
G83	G1631	1	b4124	b4154
G92	G1631	1	b1334	b4154
G192	G1631	1	b1221	b4154
G61	G1636	1	b0069	b0066
G55	G1643	1	b3357	b3666
G68	G1643	1	b3669	b3666
G66	G1645	1	b0399	b3724
G268	G1645	1	b0912	b3724
G333	G1645	1	b1712	b3724
G235	G1650	1	b3961	b0605
G36	G1653	1	b2980	b2976
G268	G1653	1	b0912	b2976
G313	G1653	1	b4401	b2976
G333	G1653	1	b1712	b2976
G309	G1654	1	b4062	b3624
G23	G1658	1	b3261	b4068
G55	G1658	1	b3357	b4068
G268	G1658	1	b0912	b4068
G333	G1658	1	b1712	b4068
G23	G1662	1	b3261	b1101
G55	G1662	1	b3357	b1101
G176	G1662	1	b1594	b1101
G309	G1662	1	b4062	b1101
G313	G1662	1	b4401	b1101
G268	G1664	1	b0912	b4026
G333	G1664	1	b1712	b4026
G283	G1673	1	b3405	b1634
G305	G1686	1	b0683	b0591
G23	G1693	1	b3261	b4073
G92	G1693	1	b1334	b4073
G192	G1693	1	b1221	b4073
G220	G1693	1	b2193	b4073
G268	G1693	1	b0912	b4073
G333	G1693	1	b1712	b4073
G258	G1695	1	b3131	b3140
G280	G1702	1	b1014	b1015
G86	G1703	1	b3912	b3911
G55	G1704	1	b3357	b1514
G23	G1705	1	b3261	b4072
G92	G1705	1	b1334	b4072
G192	G1705	1	b1221	b4072
G220	G1705	1	b2193	b4072
G268	G1705	1	b0912	b4072
G333	G1705	1	b1712	b4072
G10	G1708	1	b1951	b1481
G274	G1708	1	b2217	b1481
G10	G1712	1	b1951	b2059
G274	G1712	1	b2217	b2059
G258	G1715	1	b3131	b3138
G55	G1719	1	b3357	b3225
G74	G1719	1	b3226	b3225
G23	G1730	1	b3261	b2278
G92	G1730	1	b1334	b2278
G268	G1730	1	b0912	b2278
G313	G1730	1	b4401	b2278
G333	G1730	1	b1712	b2278
G309	G1736	1	b4062	b0684
G36	G1743	1	b2980	b4467
G268	G1743	1	b0912	b4467
G313	G1743	1	b4401	b4467
G333	G1743	1	b1712	b4467
G23	G1744	1	b3261	b3799
G305	G1765	1	b0683	b1252
G55	G1767	1	b3357	b0331
G55	G1768	1	b3357	b2093
G92	G1771	1	b1334	b1672
G192	G1771	1	b1221	b1672
G220	G1771	1	b2193	b1672
G166	G1772	1	b0995	b0997
G10	G1775	1	b1951	b2060
G274	G1775	1	b2217	b2060
G268	G1776	1	b0912	b0810
G303	G1776	1	b3868	b0810
G333	G1776	1	b1712	b0810
G55	G1778	1	b3357	b2416
G176	G1778	1	b1594	b2416
G282	G1778	1	b0080	b2416
G11	G1783	1	b0064	b4460
G55	G1783	1	b3357	b4460
G55	G1792	1	b3357	b2092
G223	G1794	1	b3237	b2307
G285	G1795	1	b3569	b3567
G55	G1802	1	b3357	b2428
G168	G1814	1	b0817	b2392
G235	G1814	1	b3961	b2392
G305	G1814	1	b0683	b2392
G23	G1817	1	b3261	b3721
G55	G1817	1	b3357	b3721
G281	G1817	1	b1237	b3721
G23	G1822	1	b3261	b3979
G55	G1827	1	b3357	b3450
G66	G1827	1	b0399	b3450
G99	G1830	1	b2731	b2724
G255	G1830	1	b0761	b2724
G268	G1830	1	b0912	b2724
G333	G1830	1	b1712	b2724
G169	G1838	1	b2220	b2222
G268	G1838	1	b0912	b2222
G333	G1838	1	b1712	b2222
G281	G1839	1	b1237	b3335
G192	G1844	1	b1221	b4139
G99	G1846	1	b2731	b2722
G255	G1846	1	b0761	b2722
G268	G1846	1	b0912	b2722
G333	G1846	1	b1712	b2722
G110	G1847	1	b1892	b1080
G219	G1847	1	b1891	b1080
G39	G1848	1	b3973	b0776
G48	G1864	1	b2537	b2539
G236	G1868	1	b3905	b3907
G55	G1871	1	b3357	b0352
G178	G1871	1	b0346	b0352
G116	G1874	1	b2531	b0972
G279	G1878	1	b0076	b4365
G281	G1878	1	b1237	b4365
G305	G1886	1	b0683	b4290
G44	G1888	1	b2714	b2715
G55	G1888	1	b3357	b2715
G55	G1891	1	b3357	b3708
G166	G1891	1	b0995	b3708
G244	G1893	1	b0889	b1247
G86	G1895	1	b3912	b1113
G223	G1897	1	b3237	b4254
G330	G1898	1	b0506	b0513
G110	G1903	1	b1892	b1878
G219	G1903	1	b1891	b1878
G73	G1904	1	b4043	b3066
G66	G1905	1	b0399	b0400
G84	G1906	1	b3938	b4013
G223	G1917	1	b3237	b0273
G23	G1927	1	b3261	b0812
G281	G1927	1	b1237	b0812
G66	G1928	1	b0399	b1597
G209	G1928	1	b1608	b1597
G73	G1932	1	b4043	b4044
G55	G1934	1	b3357	b3424
G86	G1940	1	b3912	b1038
G209	G1940	1	b1608	b1038
G283	G1940	1	b3405	b1038
G23	G1941	1	b3261	b2781
G138	G1949	1	b2369	b2367
G23	G1950	1	b3261	b2279
G92	G1950	1	b1334	b2279
G268	G1950	1	b0912	b2279
G313	G1950	1	b4401	b2279
G333	G1950	1	b1712	b2279
G10	G1952	1	b1951	b1482
G244	G1952	1	b0889	b1482
G264	G1952	1	b0020	b1482
G274	G1952	1	b2217	b1482
G120	G1954	1	b0571	b0575
G55	G1962	1	b3357	b0351
G178	G1962	1	b0346	b0351
G118	G1963	1	b4393	b0390
G170	G1963	1	b1323	b0390
G23	G1965	1	b3261	b0405
G244	G1969	1	b0889	b0078
G55	G1973	1	b3357	b1396
G175	G1973	1	b1399	b1396
G268	G1973	1	b0912	b1396
G333	G1973	1	b1712	b1396
G55	G1974	1	b3357	b0348
G178	G1974	1	b0346	b0348
G138	G1982	1	b2369	b1500
G140	G1985	1	b1275	b0365
G197	G1985	1	b1987	b0365
G258	G1987	1	b3131	b3136
G223	G1993	1	b3237	b1745
G303	G1993	1	b3868	b1745
G55	G1996	1	b3357	b3582
G247	G1996	1	b3574	b3582
G268	G1996	1	b0912	b3582
G333	G1996	1	b1712	b3582
G23	G1997	1	b3261	b3123
G55	G2000	1	b3357	b3221
G74	G2000	1	b3226	b3221
G55	G2005	1	b3357	b3392
G120	G2008	1	b0571	b0570
G125	G2014	1	b1130	b1641
G334	G2021	1	b0338	b0341
G151	G2023	1	b0034	b0042
G69	G2024	1	b0113	b0431
G313	G2024	1	b4401	b0431
G11	G2025	1	b0064	b0062
G55	G2025	1	b3357	b0062
G23	G2028	1	b3261	b3545
G55	G2031	1	b3357	b4033
G145	G2031	1	b3418	b4033
G330	G2033	1	b0506	b0511
G92	G2041	1	b1334	b0894
G192	G2041	1	b1221	b0894
G255	G2041	1	b0761	b0894
G268	G2041	1	b0912	b0894
G333	G2041	1	b1712	b0894
G92	G2043	1	b1334	b2207
G116	G2043	1	b2531	b2207
G192	G2043	1	b1221	b2207
G220	G2043	1	b2193	b2207
G255	G2043	1	b0761	b2207
G199	G2054	1	b1658	b0523
G172	G2058	1	b0413	b2675
G147	G2072	1	b1187	b3845
G313	G2072	1	b4401	b3845
G92	G2073	1	b1334	b2196
G192	G2073	1	b1221	b2196
G220	G2073	1	b2193	b2196
G255	G2073	1	b0761	b2196
G110	G2074	1	b1892	b1949
G219	G2074	1	b1891	b1949
G92	G2097	1	b1334	b2579
G305	G2105	1	b0683	b0588
G23	G2117	1	b3261	b3722
G55	G2117	1	b3357	b3722
G281	G2117	1	b1237	b3722
G142	G2120	1	b1303	b4050
G55	G2121	1	b3357	b1818
G176	G2121	1	b1594	b1818
G260	G2121	1	b0676	b1818
G125	G2123	1	b1130	b1609
G305	G2125	1	b0683	b4288
G86	G2128	1	b3912	b2074
G144	G2128	1	b2079	b2074
G255	G2130	1	b0761	b0784
G55	G2132	1	b3357	b3394
G10	G2133	1	b1951	b2062
G274	G2133	1	b2217	b2062
G192	G2135	1	b1221	b4138
G138	G2137	1	b2369	b1501
G55	G2141	1	b3357	b4197
G221	G2141	1	b4191	b4197
G268	G2141	1	b0912	b4197
G333	G2141	1	b1712	b4197
G55	G2154	1	b3357	b0040
G151	G2154	1	b0034	b0040
G55	G2157	1	b3357	b1736
G128	G2157	1	b1735	b1736
G260	G2157	1	b0676	b1736
G86	G2180	1	b3912	b2580
G92	G2187	1	b1334	b0827
G313	G2187	1	b4401	b0827
G330	G2192	1	b0506	b0507
G244	G2217	1	b0889	b4319
G281	G2217	1	b1237	b4319
G92	G2222	1	b1334	b2194
G192	G2222	1	b1221	b2194
G220	G2222	1	b2193	b2194
G255	G2222	1	b0761	b2194
G55	G2225	1	b3357	b0907
G244	G2225	1	b0889	b0907
G305	G2228	1	b0683	b0585
G31	G2234	1	b1916	b0093
G55	G2238	1	b3357	b0727
G313	G2238	1	b4401	b0727
G55	G2242	1	b3357	b1390
G175	G2242	1	b1399	b1390
G268	G2242	1	b0912	b1390
G333	G2242	1	b1712	b1390
G86	G2244	1	b3912	b1037
G209	G2244	1	b1608	b1037
G283	G2244	1	b3405	b1037
G92	G2249	1	b1334	b2198
G192	G2249	1	b1221	b2198
G220	G2249	1	b2193	b2198
G255	G2249	1	b0761	b2198
G55	G2258	1	b3357	b0411
G152	G2258	1	b0840	b0411
G277	G2258	1	b3934	b0411
G55	G2264	1	b3357	b1397
G175	G2264	1	b1399	b1397
G268	G2264	1	b0912	b1397
G333	G2264	1	b1712	b1397
G116	G2265	1	b2531	b1683
G235	G2265	1	b3961	b1683
G268	G2265	1	b0912	b1683
G305	G2265	1	b0683	b1683
G333	G2265	1	b1712	b1683
G268	G2269	1	b0912	b3540
G333	G2269	1	b1712	b3540
G92	G2287	1	b1334	b1590
G192	G2287	1	b1221	b1590
G110	G2292	1	b1892	b0654
G219	G2292	1	b1891	b0654
G110	G2293	1	b1892	b0655
G219	G2293	1	b1891	b0655
G55	G2302	1	b3357	b3528
G83	G2302	1	b4124	b3528
G99	G2303	1	b2731	b2721
G255	G2303	1	b0761	b2721
G268	G2303	1	b0912	b2721
G333	G2303	1	b1712	b2721
G11	G2313	1	b0064	b0396
G55	G2313	1	b3357	b0396
G188	G2314	1	b3515	b3517
G254	G2314	1	b3516	b3517
G259	G2314	1	b3512	b3517
G281	G2314	1	b1237	b3517
G66	G2316	1	b0399	b3728
G268	G2316	1	b0912	b3728
G333	G2316	1	b1712	b3728
G36	G2317	1	b2980	b2979
G268	G2317	1	b0912	b2979
G313	G2317	1	b4401	b2979
G333	G2317	1	b1712	b2979
G118	G2318	1	b4393	b1261
G55	G2319	1	b3357	b3904
G236	G2319	1	b3905	b3904
G23	G2321	1	b3261	b2276
G92	G2321	1	b1334	b2276
G268	G2321	1	b0912	b2276
G313	G2321	1	b4401	b2276
G333	G2321	1	b1712	b2276
G58	G2324	1	b3423	b3925
G73	G2325	1	b4043	b1184
G110	G2327	1	b1892	b1921
G208	G2327	1	b4178	b1921
G219	G2327	1	b1891	b1921
G55	G2330	1	b3357	b0677
G125	G2330	1	b1130	b0677
G260	G2330	1	b0676	b0677
G140	G2331	1	b1275	b2425
G86	G2334	1	b3912	b1743
G144	G2334	1	b2079	b1743
G55	G2340	1	b3357	b1189
G244	G2340	1	b0889	b1189
G140	G2341	1	b1275	b2414
G151	G2353	1	b0034	b0044
G23	G2360	1	b3261	b3169
G55	G2360	1	b3357	b3169
G223	G2360	1	b3237	b3169
G282	G2368	1	b0080	b3916
G55	G2375	1	b3357	b0728
G313	G2375	1	b4401	b0728
G73	G2381	1	b4043	b0060
G305	G2387	1	b0683	b0584
G55	G2388	1	b3357	b2784
G258	G2389	1	b3131	b3141
G244	G2392	1	b0889	b4316
G281	G2392	1	b1237	b4316
G55	G2393	1	b3357	b1388
G175	G2393	1	b1399	b1388
G268	G2393	1	b0912	b1388
G333	G2393	1	b1712	b1388
G55	G2394	1	b3357	b2659
G244	G2394	1	b0889	b2659
G92	G2404	1	b1334	b0734
G281	G2404	1	b1237	b0734
G282	G2404	1	b0080	b0734
G313	G2404	1	b4401	b0734
G145	G2423	1	b3418	b3417
G205	G2424	1	b2808	b2903
G244	G2424	1	b0889	b2903
G116	G2440	1	b2531	b0975
G223	G2445	1	b3237	b3959
G55	G2446	1	b3357	b2415
G176	G2446	1	b1594	b2415
G282	G2446	1	b0080	b2415
G110	G2450	1	b1892	b1081
G219	G2450	1	b1891	b1081
G55	G2451	1	b3357	b3236
G313	G2451	1	b4401	b3236
G36	G2453	1	b2980	b2977
G268	G2453	1	b0912	b2977
G313	G2453	1	b4401	b2977
G333	G2453	1	b1712	b2977
G223	G2458	1	b3237	b0863
G73	G2469	1	b4043	b4058
G313	G2469	1	b4401	b4058
G92	G2474	1	b1334	b2727
G99	G2474	1	b2731	b2727
G268	G2474	1	b0912	b2727
G333	G2474	1	b1712	b2727
G55	G2479	1	b3357	b2239
G58	G2479	1	b3423	b2239
G268	G2479	1	b0912	b2239
G333	G2479	1	b1712	b2239
G55	G2487	1	b3357	b2009
G55	G2489	1	b3357	b3806
G305	G2494	1	b0683	b0590
G61	G2497	1	b0069	b0067
G55	G2500	1	b3357	b4195
G221	G2500	1	b4191	b4195
G268	G2500	1	b0912	b4195
G333	G2500	1	b1712	b4195
G330	G2502	1	b0506	b0512
G3	G2505	1	b3702	b2508
G23	G2505	1	b3261	b2508
G55	G2505	1	b3357	b2508
G199	G2505	1	b1658	b2508
G55	G2515	1	b3357	b4032
G145	G2515	1	b3418	b4032
G23	G2516	1	b3261	b2287
G92	G2516	1	b1334	b2287
G268	G2516	1	b0912	b2287
G313	G2516	1	b4401	b2287
G333	G2516	1	b1712	b2287
G223	G2522	1	b3237	b3957
G23	G2527	1	b3261	b2285
G92	G2527	1	b1334	b2285
G268	G2527	1	b0912	b2285
G313	G2527	1	b4401	b2285
G333	G2527	1	b1712	b2285
G278	G2532	1	b2684	b2685
G51	G2542	1	b0730	b0732
G23	G2543	1	b3261	b0244
G89	G2553	1	b1531	b1852
G210	G2553	1	b4396	b1852
G309	G2553	1	b4062	b1852
G244	G2559	1	b0889	b4320
G281	G2559	1	b1237	b4320
G116	G2562	1	b2531	b0976
G55	G2566	1	b3357	b4322
G253	G2566	1	b4324	b4322
G55	G2574	1	b3357	b4194
G221	G2574	1	b4191	b4194
G268	G2574	1	b0912	b4194
G333	G2574	1	b1712	b4194
G268	G2575	1	b0912	b2763
G333	G2575	1	b1712	b2763
G55	G2581	1	b3357	b2149
G11	G2592	1	b0064	b1900
G55	G2592	1	b3357	b1900
G268	G2595	1	b0912	b4117
G333	G2595	1	b1712	b4117
G116	G2602	1	b2531	b0973
G305	G2604	1	b0683	b0594
G3	G2605	1	b3702	b2235
G23	G2605	1	b3261	b2235
G172	G2605	1	b0413	b2235
G232	G2605	1	b2916	b2235
G83	G2610	1	b4124	b4122
G92	G2610	1	b1334	b4122
G118	G2613	1	b4393	b1265
G11	G2615	1	b0064	b0061
G55	G2615	1	b3357	b0061
G309	G2616	1	b4062	b0853
G199	G2619	1	b1658	b2313
G2	G2626	1	b3481	b3480
G92	G2626	1	b1334	b3480
G55	G2629	1	b3357	b0343
G76	G2629	1	b0345	b0343
G281	G2629	1	b1237	b0343
G23	G2637	1	b3261	b2281
G92	G2637	1	b1334	b2281
G268	G2637	1	b0912	b2281
G313	G2637	1	b4401	b2281
G333	G2637	1	b1712	b2281
G55	G2640	1	b3357	b3395
G55	G2641	1	b3357	b3404
G268	G2641	1	b0912	b3404
G333	G2641	1	b1712	b3404
G281	G2645	1	b1237	b2678
G72	G2650	1	b4398	b4400
G138	G2655	1	b2369	b2370
G120	G2657	1	b0571	b0573
G55	G2660	1	b3357	b3672
G39	G2665	1	b3973	b0774
G55	G2666	1	b3357	b0904
G92	G2666	1	b1334	b0904
G192	G2666	1	b1221	b0904
G268	G2666	1	b0912	b0904
G313	G2666	1	b4401	b0904
G333	G2666	1	b1712	b0904
G55	G2668	1	b3357	b3514
G138	G2668	1	b2369	b3514
G188	G2668	1	b3515	b3514
G254	G2668	1	b3516	b3514
G259	G2668	1	b3512	b3514
G271	G2668	1	b1499	b3514
G84	G2678	1	b3938	b3008
G86	G2680	1	b3912	b4484
G23	G2682	1	b3261	b1274
G84	G2685	1	b3938	b2152
G10	G2689	1	b1951	b1480
G274	G2689	1	b2217	b1480
G170	G2699	1	b1323	b0048
G268	G2701	1	b0912	b3542
G333	G2701	1	b1712	b3542
G223	G2705	1	b3237	b0862
G23	G2707	1	b3261	b2280
G92	G2707	1	b1334	b2280
G268	G2707	1	b0912	b2280
G313	G2707	1	b4401	b2280
G333	G2707	1	b1712	b2280
G55	G2708	1	b3357	b0334
G188	G2709	1	b3515	b1492
G254	G2709	1	b3516	b1492
G259	G2709	1	b3512	b1492
G110	G2723	1	b1892	b1078
G219	G2723	1	b1891	b1078
G55	G2724	1	b3357	b1513
G255	G2730	1	b0761	b0765
G23	G2732	1	b3261	b2400
G19	G2737	1	b1530	b1532
G23	G2737	1	b3261	b1532
G89	G2737	1	b1531	b1532
G210	G2737	1	b4396	b1532
G92	G2741	1	b1334	b3518
G235	G2741	1	b3961	b3518
G86	G2744	1	b3912	b1887
G147	G2746	1	b1187	b3846
G313	G2746	1	b4401	b3846
G199	G2751	1	b1658	b0945
G83	G2754	1	b4124	b4153
G92	G2754	1	b1334	b4153
G192	G2754	1	b1221	b4153
G92	G2758	1	b1334	b2204
G116	G2758	1	b2531	b2204
G192	G2758	1	b1221	b2204
G220	G2758	1	b2193	b2204
G255	G2758	1	b0761	b2204
G86	G2760	1	b3912	b1890
G244	G2761	1	b0889	b3771
G268	G2761	1	b0912	b3771
G333	G2761	1	b1712	b3771
G69	G2763	1	b0113	b0432
G313	G2763	1	b4401	b0432
G23	G2765	1	b3261	b3977
G210	G2768	1	b4396	b2237
G55	G2773	1	b3357	b2241
G58	G2773	1	b3423	b2241
G55	G2775	1	b3357	b3415
G107	G2775	1	b3438	b3415
G92	G2781	1	b1334	b1222
G255	G2781	1	b0761	b1222
G142	G2782	1	b1303	b1308
G268	G2782	1	b0912	b1308
G333	G2782	1	b1712	b1308
G281	G2783	1	b1237	b1258
G55	G2784	1	b3357	b1392
G175	G2784	1	b1399	b1392
G268	G2784	1	b0912	b1392
G333	G2784	1	b1712	b1392
G151	G2786	1	b0034	b0043
G125	G2794	1	b1130	b0154
G55	G2795	1	b3357	b4030
G66	G2795	1	b0399	b4030
G224	G2796	1	b1013	b1006
G116	G2799	1	b2531	b3414
G55	G2800	1	b3357	b2964
G277	G2800	1	b3934	b2964
G193	G2802	1	b0487	b0123
G55	G2805	1	b3357	b4310
G74	G2805	1	b3226	b4310
G260	G2805	1	b0676	b4310
G92	G2806	1	b1334	b1671
G192	G2806	1	b1221	b1671
G220	G2806	1	b2193	b1671
G110	G2808	1	b1892	b1073
G219	G2808	1	b1891	b1073
G86	G2809	1	b3912	b0161
G244	G2818	1	b0889	b1243
G55	G2819	1	b3357	b3781
G55	G2821	1	b3357	b3513
G138	G2821	1	b2369	b3513
G188	G2821	1	b3515	b3513
G254	G2821	1	b3516	b3513
G259	G2821	1	b3512	b3513
G271	G2821	1	b1499	b3513
G25	G2822	1	b3753	b3749
G92	G2825	1	b1334	b1674
G192	G2825	1	b1221	b1674
G220	G2825	1	b2193	b1674
G92	G2832	1	b1334	b1475
G192	G2832	1	b1221	b1475
G220	G2832	1	b2193	b1475
G55	G2834	1	b3357	b2925
G282	G2834	1	b0080	b2925
G110	G2837	1	b1892	b1904
G219	G2837	1	b1891	b1904
G309	G2840	1	b4062	b0950
G23	G2844	1	b3261	b3166
G55	G2844	1	b3357	b3166
G223	G2844	1	b3237	b3166
G55	G2854	1	b3357	b0036
G151	G2854	1	b0034	b0036
G92	G2855	1	b1334	b4237
G172	G2855	1	b0413	b4237
G118	G2859	1	b4393	b1704
G109	G2860	1	b0694	b4513
G23	G2877	1	b3261	b3978
G73	G2884	1	b4043	b0958
G99	G2886	1	b2731	b2717
G255	G2886	1	b0761	b2717
G268	G2886	1	b0912	b2717
G333	G2886	1	b1712	b2717
G55	G2887	1	b3357	b0039
G151	G2887	1	b0034	b0039
G244	G2893	1	b0889	b3617
G330	G2894	1	b0506	b0505
G55	G2895	1	b3357	b4381
G152	G2895	1	b0840	b4381
G255	G2895	1	b0761	b4381
G277	G2895	1	b3934	b4381
G66	G2896	1	b0399	b1850
G107	G2896	1	b3438	b1850
G121	G2896	1	b1827	b1850
G282	G2896	1	b0080	b1850
G55	G2897	1	b3357	b1190
G244	G2897	1	b0889	b1190
G55	G2916	1	b3357	b4311
G74	G2916	1	b3226	b4311
G260	G2916	1	b0676	b4311
G110	G2924	1	b1892	b1920
G208	G2924	1	b4178	b1920
G219	G2924	1	b1891	b1920
G23	G2926	1	b3261	b3588
G55	G2926	1	b3357	b3588
G89	G2929	1	b1531	b3510
G188	G2929	1	b3515	b3510
G254	G2929	1	b3516	b3510
G259	G2929	1	b3512	b3510
G281	G2929	1	b1237	b3510
G23	G2932	1	b3261	b2591
G268	G2940	1	b0912	b4029
G333	G2940	1	b1712	b4029
G223	G2957	1	b3237	b0860
G11	G2961	1	b0064	b1901
G55	G2961	1	b3357	b1901
G55	G2964	1	b3357	b2143
G277	G2964	1	b3934	b2143
G99	G2965	1	b2731	b2726
G268	G2965	1	b0912	b2726
G333	G2965	1	b1712	b2726
G58	G2966	1	b3423	b3926
G99	G2968	1	b2731	b2725
G255	G2968	1	b0761	b2725
G268	G2968	1	b0912	b2725
G333	G2968	1	b1712	b2725
G223	G2971	1	b3237	b1746
G303	G2971	1	b3868	b1746
G305	G2983	1	b0683	b0595
G187	G2989	1	b3604	b3605
G313	G2989	1	b4401	b3605
G116	G2990	1	b2531	b2530
G11	G2991	1	b0064	b0063
G55	G2991	1	b3357	b0063
G55	G2995	1	b3357	b3575
G247	G2995	1	b3574	b3575
G268	G2995	1	b0912	b3575
G333	G2995	1	b1712	b3575
G61	G3008	1	b0069	b0070
G147	G3011	1	b1187	b0221
G313	G3011	1	b4401	b0221
G92	G3012	1	b1334	b2197
G192	G3012	1	b1221	b2197
G220	G3012	1	b2193	b2197
G255	G3012	1	b0761	b2197
G92	G3021	1	b1334	b0872
G192	G3021	1	b1221	b0872
G235	G3029	1	b3961	b3942
G55	G3031	1	b3357	b4037
G145	G3031	1	b3418	b4037
G55	G3036	1	b3357	b2344
G147	G3036	1	b1187	b2344
G283	G3036	1	b3405	b2344
G313	G3036	1	b4401	b2344
G4	G3044	1	b3118	b3116
G55	G3044	1	b3357	b3116
G56	G3044	1	b3119	b3116
G268	G3044	1	b0912	b3116
G333	G3044	1	b1712	b3116
G92	G3047	1	b1334	b2199
G192	G3047	1	b1221	b2199
G220	G3047	1	b2193	b2199
G255	G3047	1	b0761	b2199
G23	G3048	1	b3261	b2348
G55	G3057	1	b3357	b3072
G110	G3058	1	b1892	b1947
G219	G3058	1	b1891	b1947
G48	G3068	1	b2537	b2542
G92	G3073	1	b1334	b2206
G116	G3073	1	b2531	b2206
G192	G3073	1	b1221	b2206
G220	G3073	1	b2193	b2206
G255	G3073	1	b0761	b2206
G92	G3074	1	b1334	b1211
G282	G3080	1	b0080	b1676
G328	G3095	1	b4046	b1859
G147	G3099	1	b1187	b2342
G313	G3099	1	b4401	b2342
G23	G3107	1	b3261	b3854
G55	G3108	1	b3357	b1389
G175	G3108	1	b1399	b1389
G268	G3108	1	b0912	b1389
G333	G3108	1	b1712	b1389
G55	G3127	1	b3357	b3577
G247	G3127	1	b3574	b3577
G268	G3127	1	b0912	b3577
G333	G3127	1	b1712	b3577
G23	G3129	1	b3261	b2286
G92	G3129	1	b1334	b2286
G268	G3129	1	b0912	b2286
G313	G3129	1	b4401	b2286
G333	G3129	1	b1712	b2286
G23	G3140	1	b3261	b2864
G140	G3142	1	b1275	b0937
G197	G3142	1	b1987	b0937
G268	G3142	1	b0912	b0937
G333	G3142	1	b1712	b0937
G86	G3153	1	b3912	b0460
G55	G3155	1	b3357	b0350
G178	G3155	1	b0346	b0350
G55	G3156	1	b3357	b3903
G236	G3156	1	b3905	b3903
G268	G3158	1	b0912	b2764
G333	G3158	1	b1712	b2764
G86	G3160	1	b3912	b1043
G150	G3160	1	b1040	b1043
G110	G3161	1	b1892	b1950
G219	G3161	1	b1891	b1950
G89	G3162	1	b1531	b3509
G188	G3162	1	b3515	b3509
G254	G3162	1	b3516	b3509
G259	G3162	1	b3512	b3509
G281	G3162	1	b1237	b3509
G170	G3175	1	b1323	b2600
G334	G3176	1	b0338	b0340
G55	G3184	1	b3357	b1391
G175	G3184	1	b1399	b1391
G268	G3184	1	b0912	b1391
G333	G3184	1	b1712	b1391
G305	G3185	1	b0683	b4289
G55	G3189	1	b3357	b3453
G66	G3189	1	b0399	b3453
G147	G3195	1	b1187	b2341
G313	G3195	1	b4401	b2341
G10	G3199	1	b1951	b4431
G274	G3199	1	b2217	b4431
G207	G3200	1	b4018	b4015
G268	G3200	1	b0912	b4015
G282	G3200	1	b0080	b4015
G333	G3200	1	b1712	b4015
G55	G3205	1	b3357	b2243
G58	G3205	1	b3423	b2243
G23	G3221	1	b3261	b3367
G92	G3221	1	b1334	b3367
G192	G3221	1	b1221	b3367
G220	G3221	1	b2193	b3367
G268	G3221	1	b0912	b3367
G281	G3221	1	b1237	b3367
G282	G3221	1	b0080	b3367
G333	G3221	1	b1712	b3367
G55	G3233	1	b3357	b1817
G176	G3233	1	b1594	b1817
G260	G3233	1	b0676	b1817
G235	G3245	1	b3961	b2582
G109	G3248	1	b0694	b0697
G110	G3252	1	b1892	b1079
G219	G3252	1	b1891	b1079
G170	G3253	1	b1323	b4054
G55	G3254	1	b3357	b1519
G23	G3256	1	b3261	b4075
G92	G3256	1	b1334	b4075
G192	G3256	1	b1221	b4075
G220	G3256	1	b2193	b4075
G268	G3256	1	b0912	b4075
G333	G3256	1	b1712	b4075
G244	G3258	1	b0889	b1244
G164	G3260	1	b2213	b2068
G86	G3262	1	b3912	b2215
G244	G3262	1	b0889	b2215
G268	G3262	1	b0912	b2215
G283	G3262	1	b3405	b2215
G333	G3262	1	b1712	b2215
G166	G3266	1	b0995	b0996
G281	G3274	1	b1237	b1967
G61	G3278	1	b0069	b4577
G55	G3282	1	b3357	b4384
G152	G3282	1	b0840	b4384
G255	G3282	1	b0761	b4384
G277	G3282	1	b3934	b4384
G55	G3295	1	b3357	b0106
G55	G3296	1	b3357	b2417
G176	G3296	1	b1594	b2417
G282	G3296	1	b0080	b2417
G282	G3302	1	b0080	b3403
G23	G3303	1	b3261	b3699
G55	G3305	1	b3357	b2429
G55	G3307	1	b3357	b4193
G221	G3307	1	b4191	b4193
G268	G3307	1	b0912	b4193
G333	G3307	1	b1712	b4193
G23	G3310	1	b3261	b2189
G244	G3315	1	b0889	b1246
G25	G3316	1	b3753	b3752
G55	G3317	1	b3357	b3133
G258	G3317	1	b3131	b3133
G92	G3321	1	b1334	b0895
G192	G3321	1	b1221	b0895
G255	G3321	1	b0761	b0895
G268	G3321	1	b0912	b0895
G333	G3321	1	b1712	b0895
G25	G3323	1	b3753	b3748
G86	G3325	1	b3912	b1041
G150	G3325	1	b1040	b1041
G55	G3326	1	b3357	b2957
G92	G3326	1	b1334	b2957
G116	G3329	1	b2531	b1684
G235	G3329	1	b3961	b1684
G268	G3329	1	b0912	b1684
G305	G3329	1	b0683	b1684
G333	G3329	1	b1712	b1684
G23	G3330	1	b3261	b4070
G92	G3330	1	b1334	b4070
G192	G3330	1	b1221	b4070
G220	G3330	1	b2193	b4070
G268	G3330	1	b0912	b4070
G333	G3330	1	b1712	b4070
G84	G3331	1	b3938	b2153
G235	G3333	1	b3961	b4367
G55	G3336	1	b3357	b0333
G147	G3339	1	b1187	b1805
G313	G3339	1	b4401	b1805
G86	G3345	1	b3912	b1042
G150	G3345	1	b1040	b1042
G55	G3356	1	b3357	b0758
G113	G3356	1	b0440	b0758
G183	G3356	1	b4000	b0758
G227	G3356	1	b2837	b0758
G281	G3356	1	b1237	b0758
G315	G3356	1	b2151	b0758
G92	G3360	1	b1334	b2208
G116	G3360	1	b2531	b2208
G192	G3360	1	b1221	b2208
G220	G3360	1	b2193	b2208
G255	G3360	1	b0761	b2208
G334	G3363	1	b0338	b0339
G23	G3365	1	b3261	b4071
G92	G3365	1	b1334	b4071
G192	G3365	1	b1221	b4071
G220	G3365	1	b2193	b4071
G268	G3365	1	b0912	b4071
G333	G3365	1	b1712	b4071
G66	G3366	1	b0399	b0384
G55	G3367	1	b3357	b2242
G58	G3367	1	b3423	b2242
G92	G3369	1	b1334	b2729
G99	G3369	1	b2731	b2729
G268	G3369	1	b0912	b2729
G333	G3369	1	b1712	b2729
G244	G3371	1	b0889	b4314
G281	G3371	1	b1237	b4314
G73	G3373	1	b4043	b4059
G313	G3373	1	b4401	b4059
G23	G3374	1	b3261	b4067
G55	G3374	1	b3357	b4067
G268	G3374	1	b0912	b4067
G333	G3374	1	b1712	b4067
G92	G3380	1	b1334	b1474
G192	G3380	1	b1221	b1474
G220	G3380	1	b2193	b1474
G55	G3386	1	b3357	b3425
G281	G3398	1	b1237	b1257
G116	G3399	1	b2531	b1681
G235	G3399	1	b3961	b1681
G268	G3399	1	b0912	b1681
G305	G3399	1	b0683	b1681
G333	G3399	1	b1712	b1681
G55	G3406	1	b3357	b0720
G268	G3406	1	b0912	b0720
G313	G3406	1	b4401	b0720
G333	G3406	1	b1712	b0720
G199	G3414	1	b1658	b1131
G55	G3415	1	b3357	b1518
G55	G3419	1	b3357	b2926
G282	G3419	1	b0080	b2926
G284	G3423	1	b1563	b1562
G332	G3423	1	b1564	b1562
G48	G3425	1	b2537	b2538
G55	G3431	1	b3357	b2663
G244	G3431	1	b0889	b2663
G92	G3432	1	b1334	b1225
G192	G3432	1	b1221	b1225
G268	G3432	1	b0912	b1225
G333	G3432	1	b1712	b1225
G55	G3433	1	b3357	b3356
G44	G3437	1	b2714	b2716
G55	G3437	1	b3357	b2716
G55	G3441	1	b3357	b0107
G58	G3442	1	b3423	b3927
G92	G3447	1	b1334	b0826
G313	G3447	1	b4401	b0826
G55	G3449	1	b3357	b2148
G55	G3457	1	b3357	b0756
G113	G3457	1	b0440	b0756
G183	G3457	1	b4000	b0756
G227	G3457	1	b2837	b0756
G281	G3457	1	b1237	b0756
G315	G3457	1	b2151	b0756
G69	G3459	1	b0113	b0114
G92	G3459	1	b1334	b0114
G55	G3460	1	b3357	b4383
G152	G3460	1	b0840	b4383
G255	G3460	1	b0761	b4383
G277	G3460	1	b3934	b4383
G223	G3462	1	b3237	b0861
G69	G3466	1	b0113	b0115
G92	G3466	1	b1334	b0115
G55	G3470	1	b3357	b1737
G128	G3470	1	b1735	b1737
G260	G3470	1	b0676	b1737
G116	G3471	1	b2531	b0974
G23	G3473	1	b3261	b0201
G55	G3475	1	b3357	b2662
G244	G3475	1	b0889	b2662
G55	G3483	1	b3357	b1395
G175	G3483	1	b1399	b1395
G268	G3483	1	b0912	b1395
G333	G3483	1	b1712	b1395
G55	G3484	1	b3357	b0908
G244	G3484	1	b0889	b0908
G268	G3488	1	b0912	b3541
G333	G3488	1	b1712	b3541
G23	G3489	1	b3261	b0971
G13	G3497	1	b1988	b0337
G235	G3498	1	b3961	b2000
G99	G3506	1	b2731	b2713
G55	G3519	1	b3357	b3831
G277	G3519	1	b3934	b3831
G55	G3522	1	b3357	b0344
G76	G3522	1	b0345	b0344
G281	G3522	1	b1237	b0344
G330	G3523	1	b0506	b0514
G92	G3528	1	b1334	b2730
G99	G3528	1	b2731	b2730
G268	G3528	1	b0912	b2730
G333	G3528	1	b1712	b2730
G205	G3529	1	b2808	b2904
G244	G3529	1	b0889	b2904
G92	G3530	1	b1334	b1589
G192	G3530	1	b1221	b1589
G23	G3537	1	b3261	b4076
G92	G3537	1	b1334	b4076
G192	G3537	1	b1221	b4076
G220	G3537	1	b2193	b4076
G268	G3537	1	b0912	b4076
G333	G3537	1	b1712	b4076
G309	G3543	1	b4062	b0851
G55	G3544	1	b3357	b3902
G236	G3544	1	b3905	b3902
G249	G3545	1	b3025	b3026
G11	G3546	1	b0064	b3564
G285	G3546	1	b3569	b3564
G66	G3554	1	b0399	b3727
G268	G3554	1	b0912	b3727
G333	G3554	1	b1712	b3727
G83	G3561	1	b4124	b4151
G92	G3561	1	b1334	b4151
G192	G3561	1	b1221	b4151
G55	G3562	1	b3357	b0722
G313	G3562	1	b4401	b0722
G55	G3568	1	b3357	b1393
G175	G3568	1	b1399	b1393
G268	G3568	1	b0912	b1393
G333	G3568	1	b1712	b1393
G268	G3579	1	b0912	b4028
G333	G3579	1	b1712	b4028
G23	G3584	1	b3261	b3164
G55	G3584	1	b3357	b3164
G223	G3584	1	b3237	b3164
G2	G3586	1	b3481	b3476
G92	G3586	1	b1334	b3476
G140	G3595	1	b1275	b0935
G197	G3595	1	b1987	b0935
G268	G3595	1	b0912	b0935
G333	G3595	1	b1712	b0935
G313	G3598	1	b4401	b0312
G86	G3607	1	b3912	b0970
G92	G3608	1	b1334	b1670
G192	G3608	1	b1221	b1670
G220	G3608	1	b2193	b1670
G166	G3609	1	b0995	b0998
G92	G3610	1	b1334	b2202
G116	G3610	1	b2531	b2202
G192	G3610	1	b1221	b2202
G220	G3610	1	b2193	b2202
G255	G3610	1	b0761	b2202
G172	G3617	1	b0413	b2676
G25	G3619	1	b3753	b3751
G268	G3621	1	b0912	b2762
G333	G3621	1	b1712	b2762
G43	G3628	1	b3501	b3502
G92	G3629	1	b1334	b2200
G192	G3629	1	b1221	b2200
G220	G3629	1	b2193	b2200
G255	G3629	1	b0761	b2200
G23	G3638	1	b3261	b1335
G192	G3638	1	b1221	b1335
G281	G3646	1	b1237	b3322
G86	G3647	1	b3912	b1888
G55	G3650	1	b3357	b1387
G175	G3650	1	b1399	b1387
G268	G3650	1	b0912	b1387
G333	G3650	1	b1712	b1387
G55	G3656	1	b3357	b0037
G151	G3656	1	b0034	b0037
G11	G3659	1	b0064	b3565
G285	G3659	1	b3569	b3565
G244	G3662	1	b0889	b3769
G268	G3662	1	b0912	b3769
G333	G3662	1	b1712	b3769
G125	G3668	1	b1130	b0557
G309	G3670	1	b4062	b3625
G281	G3676	1	b1237	b1905
G305	G3676	1	b0683	b1905
G138	G3678	1	b2369	b2375
G110	G3679	1	b1892	b1948
G219	G3679	1	b1891	b1948
G55	G3681	1	b3357	b1511
G23	G3682	1	b3261	b3796
G10	G3688	1	b1951	b0095
G31	G3688	1	b1916	b0095
G274	G3688	1	b2217	b0095
G109	G3695	1	b0694	b0698
G86	G3700	1	b3912	b3095
G164	G3703	1	b2213	b2212
G92	G3708	1	b1334	b2195
G192	G3708	1	b1221	b2195
G220	G3708	1	b2193	b2195
G255	G3708	1	b0761	b2195
G55	G3718	1	b3357	b0125
G268	G3718	1	b0912	b0125
G333	G3718	1	b1712	b0125
G305	G3725	1	b0683	b4287
G55	G3726	1	b3357	b3393
G92	G3727	1	b1334	b2728
G99	G3727	1	b2731	b2728
G268	G3727	1	b0912	b2728
G333	G3727	1	b1712	b2728
G169	G3729	1	b2220	b2223
G268	G3729	1	b0912	b2223
G333	G3729	1	b1712	b2223
G55	G3730	1	b3357	b3437
G107	G3730	1	b3438	b3437
G92	G3731	1	b1334	b1476
G192	G3731	1	b1221	b1476
G220	G3731	1	b2193	b1476
G232	G3738	1	b2916	b0031
G92	G3739	1	b1334	b2205
G116	G3739	1	b2531	b2205
G192	G3739	1	b1221	b2205
G220	G3739	1	b2193	b2205
G255	G3739	1	b0761	b2205
G55	G3742	1	b3357	b0757
G113	G3742	1	b0440	b0757
G183	G3742	1	b4000	b0757
G227	G3742	1	b2837	b0757
G281	G3742	1	b1237	b0757
G315	G3742	1	b2151	b0757
G227	G3748	1	b2837	b2943
G260	G3748	1	b0676	b2943
G315	G3748	1	b2151	b2943
G55	G3751	1	b3357	b3426
G58	G3751	1	b3423	b3426
G55	G3754	1	b3357	b4376
G244	G3754	1	b0889	b4376
G268	G3754	1	b0912	b4376
G333	G3754	1	b1712	b4376
G179	G3755	1	b4260	b0033
G199	G3755	1	b1658	b0033
G223	G3755	1	b3237	b0033
G224	G3755	1	b1013	b0033
G268	G3755	1	b0912	b0033
G333	G3755	1	b1712	b0033
G39	G3756	1	b3973	b0778
G55	G3766	1	b3357	b1819
G176	G3766	1	b1594	b1819
G260	G3766	1	b0676	b1819
G55	G3768	1	b3357	b3222
G74	G3768	1	b3226	b3222
G23	G3769	1	b3261	b1796
G192	G3769	1	b1221	b1796
G23	G3775	1	b3261	b2783
G55	G3775	1	b3357	b2783
G92	G3785	1	b1334	b1227
G192	G3785	1	b1221	b1227
G268	G3785	1	b0912	b1227
G333	G3785	1	b1712	b1227
G223	G3792	1	b3237	b1744
G303	G3792	1	b3868	b1744
G255	G3798	1	b0761	b0785
G73	G3800	1	b4043	b1183
G55	G3810	1	b3357	b0729
G313	G3810	1	b4401	b0729
G36	G3812	1	b2980	b2975
G268	G3812	1	b0912	b2975
G313	G3812	1	b4401	b2975
G333	G3812	1	b1712	b2975
G55	G3813	1	b3357	b3213
G223	G3813	1	b3237	b3213
G244	G3813	1	b0889	b3213
G259	G3813	1	b3512	b3213
G268	G3813	1	b0912	b3213
G333	G3813	1	b1712	b3213
G92	G3817	1	b1334	b1210
G244	G3825	1	b0889	b4315
G281	G3825	1	b1237	b4315
G23	G3827	1	b3261	b3797
G55	G3828	1	b3357	b4036
G145	G3828	1	b3418	b4036
G23	G3831	1	b3261	b2284
G92	G3831	1	b1334	b2284
G268	G3831	1	b0912	b2284
G313	G3831	1	b4401	b2284
G333	G3831	1	b1712	b2284
G66	G3835	1	b0399	b1020
G55	G3840	1	b3357	b1394
G175	G3840	1	b1399	b1394
G268	G3840	1	b0912	b1394
G333	G3840	1	b1712	b1394
G23	G3861	1	b3261	b2288
G92	G3861	1	b1334	b2288
G268	G3861	1	b0912	b2288
G313	G3861	1	b4401	b2288
G333	G3861	1	b1712	b2288
G285	G3870	1	b3569	b3568
G55	G3879	1	b3357	b2240
G58	G3879	1	b3423	b2240
G268	G3879	1	b0912	b2240
G333	G3879	1	b1712	b2240
G55	G3891	1	b3357	b1421
G263	G3893	1	b0504	b0517
G199	G3894	1	b1658	b0522
G55	G3896	1	b3357	b0679
G260	G3896	1	b0676	b0679
G309	G3911	1	b4062	b0850
G55	G3919	1	b3357	b0675
G260	G3919	1	b0676	b0675
G170	G3927	1	b1323	b2601
G99	G3938	1	b2731	b2718
G255	G3938	1	b0761	b2718
G268	G3938	1	b0912	b2718
G333	G3938	1	b1712	b2718
G66	G3940	1	b0399	b3725
G268	G3940	1	b0912	b3725
G333	G3940	1	b1712	b3725
G207	G3951	1	b4018	b4016
G268	G3951	1	b0912	b4016
G282	G3951	1	b0080	b4016
G333	G3951	1	b1712	b4016
G92	G3952	1	b1334	b1212
G55	G3953	1	b3357	b0759
G113	G3953	1	b0440	b0759
G183	G3953	1	b4000	b0759
G227	G3953	1	b2837	b0759
G281	G3953	1	b1237	b0759
G315	G3953	1	b2151	b0759
G223	G3954	1	b3237	b1748
G303	G3954	1	b3868	b1748
G61	G3955	1	b0069	b0068
G125	G3961	1	b1130	b1826
G116	G3966	1	b2531	b1679
G235	G3966	1	b3961	b1679
G268	G3966	1	b0912	b1679
G305	G3966	1	b0683	b1679
G333	G3966	1	b1712	b1679
G142	G3971	1	b1303	b1304
G268	G3971	1	b0912	b1304
G333	G3971	1	b1712	b1304
G86	G3972	1	b3912	b1535
G140	G3973	1	b1275	b2752
G86	G3976	1	b3912	b0461
G23	G3983	1	b3261	b1797
G192	G3983	1	b1221	b1797
G3	G3990	1	b3702	b2234
G23	G3990	1	b3261	b2234
G172	G3990	1	b0413	b2234
G232	G3990	1	b2916	b2234
G48	G3992	1	b2537	b2541
G55	G3994	1	b3357	b0124
G268	G3994	1	b0912	b0124
G333	G3994	1	b1712	b0124
G278	G3998	1	b2684	b2686
G92	G4003	1	b1334	b0896
G192	G4003	1	b1221	b0896
G255	G4003	1	b0761	b0896
G268	G4003	1	b0912	b0896
G333	G4003	1	b1712	b0896
G55	G4004	1	b3357	b3583
G247	G4004	1	b3574	b3583
G268	G4004	1	b0912	b3583
G333	G4004	1	b1712	b3583
G55	G4016	1	b3357	b3451
G66	G4016	1	b0399	b3451
G244	G4019	1	b0889	b0077
G55	G4020	1	b3357	b0724
G313	G4020	1	b4401	b0724
G73	G4027	1	b4043	b2699
G23	G4029	1	b3261	b4369
G55	G4032	1	b3357	b0038
G151	G4032	1	b0034	b0038
G92	G4035	1	b1334	b1223
G192	G4035	1	b1221	b1223
G268	G4035	1	b0912	b1223
G333	G4035	1	b1712	b1223
G199	G4040	1	b1658	b2476
G140	G4041	1	b1275	b0367
G197	G4041	1	b1987	b0367
G189	G4047	1	b4241	b4239
G99	G4057	1	b2731	b2720
G255	G4057	1	b0761	b2720
G268	G4057	1	b0912	b2720
G333	G4057	1	b1712	b2720
G83	G4058	1	b4124	b4152
G92	G4058	1	b1334	b4152
G192	G4058	1	b1221	b4152
G92	G4063	1	b1334	b1224
G192	G4063	1	b1221	b1224
G268	G4063	1	b0912	b1224
G333	G4063	1	b1712	b1224
G23	G4065	1	b3261	b0536
G39	G4069	1	b3973	b0777
G244	G4071	1	b0889	b4317
G281	G4071	1	b1237	b4317
G66	G4072	1	b0399	b3726
G268	G4072	1	b0912	b3726
G333	G4072	1	b1712	b3726
G305	G4074	1	b0683	b2155
G235	G4076	1	b3961	b0475
G268	G4083	1	b0912	b3544
G333	G4083	1	b1712	b3544
G170	G4086	1	b1323	b0112
G199	G4096	1	b1658	b2311
G23	G4098	1	b3261	b3869
G55	G4098	1	b3357	b3869
G303	G4098	1	b3868	b3869
G55	G4100	1	b3357	b1515
G55	G4101	1	b3357	b0349
G178	G4101	1	b0346	b0349
G244	G4106	1	b0889	b3772
G268	G4106	1	b0912	b3772
G333	G4106	1	b1712	b3772
G232	G4107	1	b2916	b2923
G244	G4107	1	b0889	b2923
G140	G4111	1	b1275	b0934
G197	G4111	1	b1987	b0934
G268	G4111	1	b0912	b0934
G333	G4111	1	b1712	b0934
G23	G4113	1	b3261	b4111
G55	G4113	1	b3357	b4111
G110	G4119	1	b1892	b1945
G219	G4119	1	b1891	b1945
G39	G4123	1	b3973	b0775
G23	G4125	1	b3261	b3365
G92	G4125	1	b1334	b3365
G192	G4125	1	b1221	b3365
G220	G4125	1	b2193	b3365
G268	G4125	1	b0912	b3365
G281	G4125	1	b1237	b3365
G282	G4125	1	b0080	b3365
G333	G4125	1	b1712	b3365
G101	G4127	1	b4004	b4002
G176	G4133	1	b1594	b1593
G189	G4134	1	b4241	b4240
G199	G4143	1	b1658	b1062
G55	G4145	1	b3357	b0678
G260	G4145	1	b0676	b0678
G23	G4146	1	b3261	b3870
G55	G4146	1	b3357	b3870
G303	G4146	1	b3868	b3870
G55	G4149	1	b3357	b1622
G269	G4149	1	b1620	b1622
G55	G4151	1	b3357	b3576
G247	G4151	1	b3574	b3576
G268	G4151	1	b0912	b3576
G333	G4151	1	b1712	b3576
G4	G4157	1	b3118	b4471
G55	G4157	1	b3357	b4471
G56	G4157	1	b3119	b4471
G268	G4157	1	b0912	b4471
G333	G4157	1	b1712	b4471
G92	G4166	1	b1334	b4238
G172	G4166	1	b0413	b4238
G92	G4167	1	b1334	b1588
G192	G4167	1	b1221	b1588
G145	G4168	1	b3418	b3416
G55	G4173	1	b3357	b2150
G55	G4174	1	b3357	b0335
G109	G4180	1	b0694	b0696
G305	G4186	1	b0683	b4511
G51	G4191	1	b0730	b0731
G23	G4196	1	b3261	b1241
G282	G4196	1	b0080	b1241
G116	G4206	1	b2531	b2529
G125	G4209	1	b1130	b3207
G282	G4212	1	b0080	b1779
G205	G4213	1	b2808	b4443
G55	G4220	1	b3357	b3214
G223	G4220	1	b3237	b3214
G244	G4220	1	b0889	b3214
G259	G4220	1	b3512	b3214
G268	G4220	1	b0912	b3214
G333	G4220	1	b1712	b3214
G118	G4229	1	b4393	b3161
G170	G4229	1	b1323	b3161
G55	G4237	1	b3357	b4213
G86	G4244	1	b3912	b2076
G144	G4244	1	b2079	b2076
G23	G4245	1	b3261	b4074
G92	G4245	1	b1334	b4074
G192	G4245	1	b1221	b4074
G220	G4245	1	b2193	b4074
G268	G4245	1	b0912	b4074
G333	G4245	1	b1712	b4074
G86	G4246	1	b3912	b0754
G170	G4246	1	b1323	b0754
G2	G4251	1	b3481	b3479
G92	G4251	1	b1334	b3479
G199	G4252	1	b1658	b2499
G268	G4255	1	b0912	b3543
G333	G4255	1	b1712	b3543
G309	G4265	1	b4062	b1277
G282	G4266	1	b0080	b0315
G55	G4270	1	b3357	b3224
G74	G4270	1	b3226	b3224
G188	G4271	1	b3515	b1493
G254	G4271	1	b3516	b1493
G259	G4271	1	b3512	b1493
G221	G4275	1	b4191	b4192
G268	G4275	1	b0912	b4192
G333	G4275	1	b1712	b4192
G120	G4276	1	b0571	b0574
G172	G4279	1	b0413	b2674
G55	G4282	1	b3357	b1205
G224	G4283	1	b1013	b1008
G55	G4286	1	b3357	b2803
G43	G4293	1	b3501	b3503
G69	G4296	1	b0113	b0429
G313	G4296	1	b4401	b0429
G3	G4300	1	b3702	b2507
G23	G4300	1	b3261	b2507
G55	G4300	1	b3357	b2507
G199	G4300	1	b1658	b2507
G55	G4303	1	b3357	b0726
G313	G4303	1	b4401	b0726
G55	G4305	1	b3357	b4476
G107	G4305	1	b3438	b4476
G86	G4306	1	b3912	b4355
G188	G4312	1	b3515	b3507
G254	G4312	1	b3516	b3507
G309	G4317	1	b4062	b2159
G23	G4319	1	b3261	b3756
G23	G4322	1	b3261	b3168
G55	G4322	1	b3357	b3168
G223	G4322	1	b3237	b3168
G281	G4323	1	b1237	b3338
G55	G4327	1	b3357	b1734
G128	G4327	1	b1735	b1734
G260	G4327	1	b0676	b1734
G244	G4329	1	b0889	b4318
G281	G4329	1	b1237	b4318
G55	G4330	1	b3357	b0035
G151	G4330	1	b0034	b0035
G305	G4332	1	b0683	b4291
G23	G4333	1	b3261	b3723
G55	G4333	1	b3357	b3723
G281	G4333	1	b1237	b3723
G55	G4335	1	b3357	b1516
G23	G4344	1	b3261	b2277
G92	G4344	1	b1334	b2277
G268	G4344	1	b0912	b2277
G313	G4344	1	b4401	b2277
G333	G4344	1	b1712	b2277
G110	G4351	1	b1892	b1944
G219	G4351	1	b1891	b1944
G264	G4354	1	b0020	b1024
G55	G4356	1	b3357	b4034
G145	G4356	1	b3418	b4034
G23	G4361	1	b3261	b3171
G55	G4361	1	b3357	b3171
G223	G4361	1	b3237	b3171
G55	G4362	1	b3357	b2365
G305	G4367	1	b0683	b0593
G255	G4374	1	b0761	b0782
G116	G4389	1	b2531	b0977
G140	G4395	1	b1275	b0936
G197	G4395	1	b1987	b0936
G268	G4395	1	b0912	b0936
G333	G4395	1	b1712	b0936
G224	G4397	1	b1013	b1011
G199	G4400	1	b1658	b4005
G73	G4404	1	b4043	b2616
G23	G4411	1	b3261	b1109
G69	G4411	1	b0113	b1109
G92	G4411	1	b1334	b1109
G268	G4411	1	b0912	b1109
G333	G4411	1	b1712	b1109
G69	G4415	1	b0113	b0430
G313	G4415	1	b4401	b0430
G313	G4417	1	b4401	b0311
G55	G4422	1	b3357	b4382
G152	G4422	1	b0840	b4382
G255	G4422	1	b0761	b4382
G277	G4422	1	b3934	b4382
G140	G4434	1	b1275	b2750
G61	G4437	1	b0069	b2379
G86	G4439	1	b3912	b1846
G23	G4447	1	b3261	b0116
G69	G4447	1	b0113	b0116
G92	G4447	1	b1334	b0116
G313	G4447	1	b4401	b0116
G188	G4453	1	b3515	b4452
G254	G4453	1	b3516	b4452
G118	G4456	1	b4393	b1264
G55	G4460	1	b3357	b3449
G66	G4460	1	b0399	b3449
G55	G4469	1	b3357	b3581
G247	G4469	1	b3574	b3581
G268	G4469	1	b0912	b3581
G333	G4469	1	b1712	b3581
G84	G4476	1	b3938	b3941
G223	G4481	1	b3237	b0864
G199	G4488	1	b1658	b2312
G140	G4492	1	b1275	b2751
G73	G4495	1	b4043	b1728
G118	G4505	1	b4393	b1263
